{
"JOBID":
[
{
        "TableName": "tblStorageCargoDetailsOracle",
        "ColumnsList": ["Combo","PORTID","MVMT_TYPE","ROW_NO"],
        "Schema": [{
                "name": "Combo",
                "type": "STRING"
        }, {
                "name": "PORTID",
                "type": "FLOAT"
        }, {
                "name": "MVMT_TYPE",
                "type": "STRING"
        }, {
                "name": "ROW_NO",
                "type": "INTEGER"
        }],
        "BQ_Table": "Test_Dev.tblStorageCargoDetailsOracle"

}
]
}
