{
	"JOBID": [{
			"TableName": "tblStorageCargoDetailsOracle",
			"ColumnsList": ["ETLID", "PORTID", "INT_GP_NO", "UNIT_CNT", "TOT_WT", "INT_IGM_CRG_SEQ_NO", "INT_SO_NO", "INT_EA_CRG_SEQ_NO", "INT_TRAIN_NO", "INT_SUB_DO_NO", "TRUCK_CNT", "TRUCK_NET_WT", "MVMT_TYPE", "FM_STRG_CD", "TO_STRG_CD", "TRUCK_REG_NO", "PIPELINE_NO", "ACTVTY_DTTM", "CNTRCTR_CD", "GRADE_CD", "INDT_NO", "LOAD_TYPE", "WGN_TYPE", "GAINLOSS_DTTM", "PKG_TYPE", "GRADE_DESCR", "TO_ROW_NO", "TO_COLUMN_NO", "FM_ROW_NO", "FM_COLUMN_NO", "TP_NO", "GRS_WGHMNT_DTTM", "TARE_WGHMNT_DTTM", "GRS_WT", "TARE_WT", "WEIGHBRIDGE_NO", "SRC_DOC_REF_NO", "REASON_CD", "ADT_INS_DTTM", "ADT_UPD_DTTM", "RECORD_INS_DATE", "STACKER_CD", "SHIFT_DESC", "GAIN_LOSS_EVENT", "INDT_DTTM", "liq_ctm_gp_no", "dry_ctm_gp_no", "sub_do_no", "sub_csne_cd", "sub_csne_nm", "cstm_boe_no", "cstm_boe_dttm", "so_no", "so_dttm", "deleted", "Timestamp", "MAN_MECH_IND", "EXIT_MODE", "ENTRY_MODE", "INT_TP_NO", "SouceName"],
			"Schema": [{
				"name": "ETLID",
				"type": "FLOAT"
			}, {
				"name": "PORTID",
				"type": "FLOAT"
			}, {
				"name": "INT_GP_NO",
				"type": "FLOAT"
			}, {
				"name": "UNIT_CNT",
				"type": "FLOAT"
			}, {
				"name": "TOT_WT",
				"type": "FLOAT"
			}, {
				"name": "INT_IGM_CRG_SEQ_NO",
				"type": "FLOAT"
			}, {
				"name": "INT_SO_NO",
				"type": "FLOAT"
			}, {
				"name": "INT_EA_CRG_SEQ_NO",
				"type": "FLOAT"
			}, {
				"name": "INT_TRAIN_NO",
				"type": "FLOAT"
			}, {
				"name": "INT_SUB_DO_NO",
				"type": "FLOAT"
			}, {
				"name": "TRUCK_CNT",
				"type": "FLOAT"
			}, {
				"name": "TRUCK_NET_WT",
				"type": "FLOAT"
			}, {
				"name": "MVMT_TYPE",
				"type": "STRING"
			}, {
				"name": "FM_STRG_CD",
				"type": "STRING"
			}, {
				"name": "TO_STRG_CD",
				"type": "STRING"
			}, {
				"name": "TRUCK_REG_NO",
				"type": "STRING"
			}, {
				"name": "PIPELINE_NO",
				"type": "STRING"
			}, {
				"name": "ACTVTY_DTTM",
				"type": "TIMESTAMP"
			}, {
				"name": "CNTRCTR_CD",
				"type": "STRING"
			}, {
				"name": "GRADE_CD",
				"type": "STRING"
			}, {
				"name": "INDT_NO",
				"type": "STRING"
			}, {
				"name": "LOAD_TYPE",
				"type": "STRING"
			}, {
				"name": "WGN_TYPE",
				"type": "STRING"
			}, {
				"name": "GAINLOSS_DTTM",
				"type": "TIMESTAMP"
			}, {
				"name": "PKG_TYPE",
				"type": "STRING"
			}, {
				"name": "GRADE_DESCR",
				"type": "STRING"
			}, {
				"name": "TO_ROW_NO",
				"type": "STRING"
			}, {
				"name": "TO_COLUMN_NO",
				"type": "STRING"
			}, {
				"name": "FM_ROW_NO",
				"type": "STRING"
			}, {
				"name": "FM_COLUMN_NO",
				"type": "STRING"
			}, {
				"name": "TP_NO",
				"type": "STRING"
			}, {
				"name": "GRS_WGHMNT_DTTM",
				"type": "TIMESTAMP"
			}, {
				"name": "TARE_WGHMNT_DTTM",
				"type": "TIMESTAMP"
			}, {
				"name": "GRS_WT",
				"type": "FLOAT"
			}, {
				"name": "TARE_WT",
				"type": "FLOAT"
			}, {
				"name": "WEIGHBRIDGE_NO",
				"type": "STRING"
			}, {
				"name": "SRC_DOC_REF_NO",
				"type": "STRING"
			}, {
				"name": "REASON_CD",
				"type": "STRING"
			}, {
				"name": "ADT_INS_DTTM",
				"type": "TIMESTAMP"
			}, {
				"name": "ADT_UPD_DTTM",
				"type": "TIMESTAMP"
			}, {
				"name": "RECORD_INS_DATE",
				"type": "TIMESTAMP"
			}, {
				"name": "STACKER_CD",
				"type": "STRING"
			}, {
				"name": "SHIFT_DESC",
				"type": "STRING"
			}, {
				"name": "GAIN_LOSS_EVENT",
				"type": "STRING"
			}, {
				"name": "INDT_DTTM",
				"type": "TIMESTAMP"
			}, {
				"name": "liq_ctm_gp_no",
				"type": "STRING"
			}, {
				"name": "dry_ctm_gp_no",
				"type": "STRING"
			}, {
				"name": "sub_do_no",
				"type": "STRING"
			}, {
				"name": "sub_csne_cd",
				"type": "STRING"
			}, {
				"name": "sub_csne_nm",
				"type": "STRING"
			}, {
				"name": "cstm_boe_no",
				"type": "STRING"
			}, {
				"name": "cstm_boe_dttm",
				"type": "STRING"
			}, {
				"name": "so_no",
				"type": "STRING"
			}, {
				"name": "so_dttm",
				"type": "TIMESTAMP"
			}, {
				"name": "deleted",
				"type": "BOOLEAN"
			}, {
				"name": "Timestamp",
				"type": "TIMESTAMP"
			}, {
				"name": "MAN_MECH_IND",
				"type": "STRING"
			}, {
				"name": "EXIT_MODE",
				"type": "STRING"
			}, {
				"name": "ENTRY_MODE",
				"type": "STRING"
			}, {
				"name": "INT_TP_NO",
				"type": "FLOAT"
			}, {
				"name": "SouceName",
				"type": "STRING"
			}],
			"Inc_Col": "TimeStamp"

		},
		{
			"TableName": "tblAnchorageOracle",
			"ColumnsList": ["ANCHORAGE_REASON_CD", "CALL_NO", "DELAY_ACCNT_IND", "DOC_REF_NO", "END_DTTM", "INT_USER_ID", "INT_VIA_NO", "INVC_FLG", "INVC_PTY_CD", "LOG_DTTM", "S_RMRK", "SEQ_NO", "REASON_GRP_CD", "S_DESCR", "REASON_TYPE", "START_DTTM", "GREATEST_DTTM", "ETLID", "TimeStamp", "Deleted", "Grid_Loc", "SouceName"],
			"Schema": [{
				"name": "ANCHORAGE_REASON_CD",
				"type": "STRING"
			}, {
				"name": "CALL_NO",
				"type": "INTEGER"
			}, {
				"name": "DELAY_ACCNT_IND",
				"type": "STRING"
			}, {
				"name": "DOC_REF_NO",
				"type": "STRING"
			}, {
				"name": "END_DTTM",
				"type": "TIMESTAMP"
			}, {
				"name": "INT_USER_ID",
				"type": "INTEGER"
			}, {
				"name": "INT_VIA_NO",
				"type": "INTEGER"
			}, {
				"name": "INVC_FLG",
				"type": "STRING"
			}, {
				"name": "INVC_PTY_CD",
				"type": "STRING"
			}, {
				"name": "LOG_DTTM",
				"type": "TIMESTAMP"
			}, {
				"name": "S_RMRK",
				"type": "STRING"
			}, {
				"name": "SEQ_NO",
				"type": "INTEGER"
			}, {
				"name": "REASON_GRP_CD",
				"type": "STRING"
			}, {
				"name": "S_DESCR",
				"type": "STRING"
			}, {
				"name": "REASON_TYPE",
				"type": "STRING"
			}, {
				"name": "START_DTTM",
				"type": "TIMESTAMP"
			}, {
				"name": "GREATEST_DTTM",
				"type": "TIMESTAMP"
			}, {
				"name": "ETLID",
				"type": "INTEGER"
			}, {
				"name": "TimeStamp",
				"type": "TIMESTAMP"
			}, {
				"name": "Deleted",
				"type": "BOOLEAN"
			}, {
				"name": "Grid_Loc",
				"type": "STRING"
			}, {
				"name": "SouceName",
				"type": "STRING"
			}],
			"Inc_Col": "TimeStamp"

		}
	]
}
