{
	"JOBID": [
		{
			"TableName": "tblVesselCargoInfoOracle",
			"ColumnsList": ["ETLID","VSL_WK_COMPLT_USER_ID","VSL_WK_COMPLT_DTTM","VSL_NM","VSL_MAX_HT","VSL_CD","VOY_TRANSIT_FLG","VOY_REG_DTTM","VIA_NO","TUG_NRT","TUG_GRT","TPC","SENT_BERALT_FLG","SAILD_FLG","ROTATION_NO","ROTATION_DTTM","ROTATION_CSTM_SITE_CD","REC_TYPE","PCS_VSL_CAT_CD","PCS_CMN_REF_NO","MSG_HDR_ID","MRN_INVC_CLOSURE_INT_USER_ID","MRN_INVC_CLOSURE_DTTM","MRN_CLOSURE_INT_USER_ID","MRN_CLOSURE_FLG","MRN_CLOSURE_DTTM","MOTHER_FEEDER_BARGE_IND","MAIN_LINE_CD","MAIDEN_FLG","LEGACY_IMP_VOY_NO","LEGACY_EXP_VOY_NO","LD_VOY_NO","LD_TRADE_CD","LD_ROUTE_CD","LD_MNF_CLOSE_FLG","IS_VSL_DEFD_FLG","INT_VIA_NO","IGM_RMRK","IGM_DTTM","EXT_VOY_FLG","ETD_DTTM","ETA_DTTM","EGM_RMRK","EGM_DTTM","EDI_FLG","DUMMY_VOY_FLG","DSCH_VOY_NO","DSCH_TRADE_CD","DSCH_LD_BOTH_IND","DEFN_STAGE_IND","DECK_CRG_GRT","CNSRTM_CD","BU_CD","BU_DESCR","BUNKER_VSL_FLG","BERTH_TYPE","BERTH_PRIORITY","ATUB_DTTM","ATHWART_STOWED_FLG","ATD_DTTM","ATB_DTTM","ATA_DTTM","VSL_BEAM","VSL_WIDTH","VSL_OVR_LEN","PONT_MV_TM","MIN_DRAFT_FORE","SUB_VSL_CAT_CD","DEPTH_MOULDED","VSL_WK_AREA","VSL_APP_FLG","VSL_GEARLESS","REDU_GRT_FLG","REDU_GRT","CNTRY_CD","LOG_DTTM","MANUF_DTTM","VSL_GRP_CD","VSL_CAT_CD","CALL_SIGN","PORT_OF_REG","VSL_CLASS","AGENT_CD","VSL_CELL_TYPE","SATELLITE_ID","WT_CAT_DEFN_CD","ROUTE_CD","PREF_BERTH_TO_BLRD","PREF_BERTH_NO","VSL_BAY_DEFN_CD","VSL_TYPE","VSL_SHORT_NM","PREF_BERTH_SIDE","QUAY_CD","LINE_CD","IMO_NO","DISPLACEMENT","INT_VSL_CD","NRT","PREF_BERTH_TO_MM","VSL_HT","BERTH_TM","HEADERGRT","MAX_DRAFT_FORE","MAX_DRAFT_AFT","MAX_DRAFT","NT","GT","MIN_DRAFT","SC_TORSION","DIST_UD_ROW_PORTSD","DIST_UD_BAY_STERN","DIST_DK_ROW_STARSD","MIN_DRAFT_AFT","DECK_CRG","PORT_CD","NDC_AGENT_CD","DEAD_WT","NDC_DTTM","NDC_NO","SHORE_CRN_CNT","SHIP_CRN_CNT","DSCH_PORT_RMRK","LD_PORT_RMRK","NOR_DTTM","PHO_CLEAR_DTTM","CSTM_EGM_DTTM","NEXT_PORT_CD","LAST_PORT_CD","CSTM_EGM_NO","DSCH_VSL_AGENT_CD","LD_VSL_AGENT_CD","ARR_DRAFT","DRAFT","ACT_ARR_DRAFT_AFT","ACT_ARR_DRAFT_FORE","VSL_FREE_BOARD","VSL_NOR_DTTM","BASE_STS","CMDT_CD","CRG_TYPE","FOREIGN_COASTAL_IND","PKG_TYPE","RESTOW_TYPE","TOT_WT","UNIT_CNT","UNIT_WT","COMMODITY","COMMODITY_TYPE","COMMODITY_TYPE_CODE","GRT","HATCH","CHARTER_RATE","PORTID","SHIPPER_RECIEVER","AGENT","FIRST_PILOT_REQUEST_TIME","FLAG","CARGO_TYPE_DESCR","LAST_PORT_OF_CALL","INMARSAT","MMSI_NO","NEXT_PORT_OF_CALL","IGM_WT","EGM_WT","BUDGET_VSL_CNT","BUDGET_GRT","BUDGET_TOT_WT","BUDGET_TEUS","EFF_DTTM","VSL_CAT","UPD_DTTM","DECLARED_SBU","COUNTRY","DECLARED_SBU_DESCR","VSL_GROUP","SUB_VSL_CAT","SURVEYOR_BOARD_DTTM","SURVEYOR_UNBOARD_DTTM","Ullage_Fm_Dttm","Ullage_To_Dttm","CRG_SEQ_ID","CSTM_BOARD_DTTM","CSTM_CLEARED_DTTM","INSERT_DTTM","INS_UPD_DTTM","TimeStamp","Deleted","Deleted_CMDT","MRN_POC_CLOSURE_DTTM","MRN_POC_CLOSURE_INT_USER_NM","MRN_STVDR_CLOSURE_DTTM","Dsch_Port_Name","Ld_Port_Name","arr_draft_fore","arr_draft_aft","dep_draft_fore","dep_draft_aft","SouceName"],
			"Schema": [{
				"name": "ETLID",
				"type":"INTEGER"
			}, {
				"name": "VSL_WK_COMPLT_USER_ID",
				"type":"float"
			}, {
				"name": "VSL_WK_COMPLT_DTTM",
				"type":"TIMESTAMP"
			}, {
				"name": "VSL_NM",
				"type":"STRING"
			}, {
				"name": "VSL_MAX_HT",
				"type":"float"
			}, {
				"name": "VSL_CD",
				"type":"STRING"
			}, {
				"name": "VOY_TRANSIT_FLG",
				"type":"STRING"
			}, {
				"name": "VOY_REG_DTTM",
				"type":"TIMESTAMP"
			}, {
				"name": "VIA_NO",
				"type":"STRING"
			}, {
				"name": "TUG_NRT",
				"type":"float"
			}, {
				"name": "TUG_GRT",
				"type":"float"
			}, {
				"name": "TPC",
				"type":"float"
			}, {
				"name": "SENT_BERALT_FLG",
				"type":"STRING"
			}, {
				"name": "SAILD_FLG",
				"type":"STRING"
			}, {
				"name": "ROTATION_NO",
				"type":"STRING"
			}, {
				"name": "ROTATION_DTTM",
				"type":"TIMESTAMP"
			}, {
				"name": "ROTATION_CSTM_SITE_CD",
				"type":"STRING"
			}, {
				"name": "REC_TYPE",
				"type":"STRING"
			}, {
				"name": "PCS_VSL_CAT_CD",
				"type":"STRING"
			}, {
				"name": "PCS_CMN_REF_NO",
				"type":"STRING"
			}, {
				"name": "MSG_HDR_ID",
				"type":"INTEGER"
			}, {
				"name": "MRN_INVC_CLOSURE_INT_USER_ID",
				"type":"INTEGER"
			}, {
				"name": "MRN_INVC_CLOSURE_DTTM",
				"type":"TIMESTAMP"
			}, {
				"name": "MRN_CLOSURE_INT_USER_ID",
				"type":"INTEGER"
			}, {
				"name": "MRN_CLOSURE_FLG",
				"type":"STRING"
			}, {
				"name": "MRN_CLOSURE_DTTM",
				"type":"TIMESTAMP"
			}, {
				"name": "MOTHER_FEEDER_BARGE_IND",
				"type":"STRING"
			}, {
				"name": "MAIN_LINE_CD",
				"type":"STRING"
			}, {
				"name": "MAIDEN_FLG",
				"type":"STRING"
			}, {
				"name": "LEGACY_IMP_VOY_NO",
				"type":"STRING"
			}, {
				"name": "LEGACY_EXP_VOY_NO",
				"type":"STRING"
			}, {
				"name": "LD_VOY_NO",
				"type":"STRING"
			}, {
				"name": "LD_TRADE_CD",
				"type":"STRING"
			}, {
				"name": "LD_ROUTE_CD",
				"type":"STRING"
			}, {
				"name": "LD_MNF_CLOSE_FLG",
				"type":"STRING"
			}, {
				"name": "IS_VSL_DEFD_FLG",
				"type":"STRING"
			}, {
				"name": "INT_VIA_NO",
				"type":"INTEGER"
			}, {
				"name": "IGM_RMRK",
				"type":"STRING"
			}, {
				"name": "IGM_DTTM",
				"type":"TIMESTAMP"
			}, {
				"name": "EXT_VOY_FLG",
				"type":"STRING"
			}, {
				"name": "ETD_DTTM",
				"type":"TIMESTAMP"
			}, {
				"name": "ETA_DTTM",
				"type":"TIMESTAMP"
			}, {
				"name": "EGM_RMRK",
				"type":"STRING"
			}, {
				"name": "EGM_DTTM",
				"type":"TIMESTAMP"
			}, {
				"name": "EDI_FLG",
				"type":"STRING"
			}, {
				"name": "DUMMY_VOY_FLG",
				"type":"STRING"
			}, {
				"name": "DSCH_VOY_NO",
				"type":"STRING"
			}, {
				"name": "DSCH_TRADE_CD",
				"type":"STRING"
			}, {
				"name": "DSCH_LD_BOTH_IND",
				"type":"STRING"
			}, {
				"name": "DEFN_STAGE_IND",
				"type":"STRING"
			}, {
				"name": "DECK_CRG_GRT",
				"type":"float"
			}, {
				"name": "CNSRTM_CD",
				"type":"STRING"
			}, {
				"name": "BU_CD",
				"type":"STRING"
			}, {
				"name": "BU_DESCR",
				"type":"STRING"
			}, {
				"name": "BUNKER_VSL_FLG",
				"type":"STRING"
			}, {
				"name": "BERTH_TYPE",
				"type":"STRING"
			}, {
				"name": "BERTH_PRIORITY",
				"type":"STRING"
			}, {
				"name": "ATUB_DTTM",
				"type":"TIMESTAMP"
			}, {
				"name": "ATHWART_STOWED_FLG",
				"type":"STRING"
			}, {
				"name": "ATD_DTTM",
				"type":"TIMESTAMP"
			}, {
				"name": "ATB_DTTM",
				"type":"TIMESTAMP"
			}, {
				"name": "ATA_DTTM",
				"type":"TIMESTAMP"
			}, {
				"name": "VSL_BEAM",
				"type":"float"
			}, {
				"name": "VSL_WIDTH",
				"type":"float"
			}, {
				"name": "VSL_OVR_LEN",
				"type":"float"
			}, {
				"name": "PONT_MV_TM",
				"type":"float"
			}, {
				"name": "MIN_DRAFT_FORE",
				"type":"float"
			}, {
				"name": "SUB_VSL_CAT_CD",
				"type":"STRING"
			}, {
				"name": "DEPTH_MOULDED",
				"type":"float"
			}, {
				"name": "VSL_WK_AREA",
				"type":"float"
			}, {
				"name": "VSL_APP_FLG",
				"type":"STRING"
			}, {
				"name": "VSL_GEARLESS",
				"type":"STRING"
			}, {
				"name": "REDU_GRT_FLG",
				"type":"STRING"
			}, {
				"name": "REDU_GRT",
				"type":"float"
			}, {
				"name": "CNTRY_CD",
				"type":"STRING"
			}, {
				"name": "LOG_DTTM",
				"type":"TIMESTAMP"
			}, {
				"name": "MANUF_DTTM",
				"type":"TIMESTAMP"
			}, {
				"name": "VSL_GRP_CD",
				"type":"STRING"
			}, {
				"name": "VSL_CAT_CD",
				"type":"STRING"
			}, {
				"name": "CALL_SIGN",
				"type":"STRING"
			}, {
				"name": "PORT_OF_REG",
				"type":"STRING"
			}, {
				"name": "VSL_CLASS",
				"type":"STRING"
			}, {
				"name": "AGENT_CD",
				"type":"STRING"
			}, {
				"name": "VSL_CELL_TYPE",
				"type":"STRING"
			}, {
				"name": "SATELLITE_ID",
				"type":"STRING"
			}, {
				"name": "WT_CAT_DEFN_CD",
				"type":"STRING"
			}, {
				"name": "ROUTE_CD",
				"type":"STRING"
			}, {
				"name": "PREF_BERTH_TO_BLRD",
				"type":"STRING"
			}, {
				"name": "PREF_BERTH_NO",
				"type":"STRING"
			}, {
				"name": "VSL_BAY_DEFN_CD",
				"type":"STRING"
			}, {
				"name": "VSL_TYPE",
				"type":"STRING"
			}, {
				"name": "VSL_SHORT_NM",
				"type":"STRING"
			}, {
				"name": "PREF_BERTH_SIDE",
				"type":"STRING"
			}, {
				"name": "QUAY_CD",
				"type":"STRING"
			}, {
				"name": "LINE_CD",
				"type":"STRING"
			}, {
				"name": "IMO_NO",
				"type":"STRING"
			}, {
				"name": "DISPLACEMENT",
				"type":"INTEGER"
			}, {
				"name": "INT_VSL_CD",
				"type":"INTEGER"
			}, {
				"name": "NRT",
				"type":"float"
			}, {
				"name": "PREF_BERTH_TO_MM",
				"type":"float"
			}, {
				"name": "VSL_HT",
				"type":"float"
			}, {
				"name": "BERTH_TM",
				"type":"INTEGER"
			}, {
				"name": "HEADERGRT",
				"type":"float"
			}, {
				"name": "MAX_DRAFT_FORE",
				"type":"float"
			}, {
				"name": "MAX_DRAFT_AFT",
				"type":"float"
			}, {
				"name": "MAX_DRAFT",
				"type":"float"
			}, {
				"name": "NT",
				"type":"float"
			}, {
				"name": "GT",
				"type":"float"
			}, {
				"name": "MIN_DRAFT",
				"type":"float"
			}, {
				"name": "SC_TORSION",
				"type":"float"
			}, {
				"name": "DIST_UD_ROW_PORTSD",
				"type":"float"
			}, {
				"name": "DIST_UD_BAY_STERN",
				"type":"float"
			}, {
				"name": "DIST_DK_ROW_STARSD",
				"type":"float"
			}, {
				"name": "MIN_DRAFT_AFT",
				"type":"float"
			}, {
				"name": "DECK_CRG",
				"type":"float"
			}, {
				"name": "PORT_CD",
				"type":"STRING"
			}, {
				"name": "NDC_AGENT_CD",
				"type":"STRING"
			}, {
				"name": "DEAD_WT",
				"type":"float"
			}, {
				"name": "NDC_DTTM",
				"type":"TIMESTAMP"
			}, {
				"name": "NDC_NO",
				"type":"STRING"
			}, {
				"name": "SHORE_CRN_CNT",
				"type":"INTEGER"
			}, {
				"name": "SHIP_CRN_CNT",
				"type":"INTEGER"
			}, {
				"name": "DSCH_PORT_RMRK",
				"type":"STRING"
			}, {
				"name": "LD_PORT_RMRK",
				"type":"STRING"
			}, {
				"name": "NOR_DTTM",
				"type":"TIMESTAMP"
			}, {
				"name": "PHO_CLEAR_DTTM",
				"type":"TIMESTAMP"
			}, {
				"name": "CSTM_EGM_DTTM",
				"type":"STRING"
			}, {
				"name": "NEXT_PORT_CD",
				"type":"STRING"
			}, {
				"name": "LAST_PORT_CD",
				"type":"STRING"
			}, {
				"name": "CSTM_EGM_NO",
				"type":"STRING"
			}, {
				"name": "DSCH_VSL_AGENT_CD",
				"type":"STRING"
			}, {
				"name": "LD_VSL_AGENT_CD",
				"type":"STRING"
			}, {
				"name": "ARR_DRAFT",
				"type":"float"
			}, {
				"name": "DRAFT",
				"type":"float"
			}, {
				"name": "ACT_ARR_DRAFT_AFT",
				"type":"float"
			}, {
				"name": "ACT_ARR_DRAFT_FORE",
				"type":"float"
			}, {
				"name": "VSL_FREE_BOARD",
				"type":"float"
			}, {
				"name": "VSL_NOR_DTTM",
				"type":"TIMESTAMP"
			}, {
				"name": "BASE_STS",
				"type":"STRING"
			}, {
				"name": "CMDT_CD",
				"type":"STRING"
			}, {
				"name": "CRG_TYPE",
				"type":"STRING"
			}, {
				"name": "FOREIGN_COASTAL_IND",
				"type":"STRING"
			}, {
				"name": "PKG_TYPE",
				"type":"STRING"
			}, {
				"name": "RESTOW_TYPE",
				"type":"STRING"
			}, {
				"name": "TOT_WT",
				"type":"float"
			}, {
				"name": "UNIT_CNT",
				"type":"INTEGER"
			}, {
				"name": "UNIT_WT",
				"type":"float"
			}, {
				"name": "COMMODITY",
				"type":"STRING"
			}, {
				"name": "COMMODITY_TYPE",
				"type":"STRING"
			}, {
				"name": "COMMODITY_TYPE_CODE",
				"type":"STRING"
			}, {
				"name": "GRT",
				"type":"float"
			}, {
				"name": "HATCH",
				"type":"STRING"
			}, {
				"name": "CHARTER_RATE",
				"type":"STRING"
			}, {
				"name": "PORTID",
				"type":"INTEGER"
			}, {
				"name": "SHIPPER_RECIEVER",
				"type":"STRING"
			}, {
				"name": "AGENT",
				"type":"STRING"
			}, {
				"name": "FIRST_PILOT_REQUEST_TIME",
				"type":"TIMESTAMP"
			}, {
				"name": "FLAG",
				"type":"STRING"
			}, {
				"name": "CARGO_TYPE_DESCR",
				"type":"STRING"
			}, {
				"name": "LAST_PORT_OF_CALL",
				"type":"STRING"
			}, {
				"name": "INMARSAT",
				"type":"STRING"
			}, {
				"name": "MMSI_NO",
				"type":"STRING"
			}, {
				"name": "NEXT_PORT_OF_CALL",
				"type":"STRING"
			}, {
				"name": "IGM_WT",
				"type":"float"
			}, {
				"name": "EGM_WT",
				"type":"float"
			}, {
				"name": "BUDGET_VSL_CNT",
				"type":"float"
			}, {
				"name": "BUDGET_GRT",
				"type":"float"
			}, {
				"name": "BUDGET_TOT_WT",
				"type":"float"
			}, {
				"name": "BUDGET_TEUS",
				"type":"float"
			}, {
				"name": "EFF_DTTM",
				"type":"TIMESTAMP"
			}, {
				"name": "VSL_CAT",
				"type":"STRING"
			}, {
				"name": "UPD_DTTM",
				"type":"TIMESTAMP"
			}, {
				"name": "DECLARED_SBU",
				"type":"STRING"
			}, {
				"name": "COUNTRY",
				"type":"STRING"
			}, {
				"name": "DECLARED_SBU_DESCR",
				"type":"STRING"
			}, {
				"name": "VSL_GROUP",
				"type":"STRING"
			}, {
				"name": "SUB_VSL_CAT",
				"type":"STRING"
			}, {
				"name": "SURVEYOR_BOARD_DTTM",
				"type":"TIMESTAMP"
			}, {
				"name": "SURVEYOR_UNBOARD_DTTM",
				"type":"TIMESTAMP"
			}, {
				"name": "Ullage_Fm_Dttm",
				"type":"TIMESTAMP"
			}, {
				"name": "Ullage_To_Dttm",
				"type":"TIMESTAMP"
			}, {
				"name": "CRG_SEQ_ID",
				"type":"INTEGER"
			}, {
				"name": "CSTM_BOARD_DTTM",
				"type":"TIMESTAMP"
			}, {
				"name": "CSTM_CLEARED_DTTM",
				"type":"TIMESTAMP"
			}, {
				"name": "INSERT_DTTM",
				"type":"TIMESTAMP"
			}, {
				"name": "INS_UPD_DTTM",
				"type":"TIMESTAMP"
			}, {
				"name": "TimeStamp",
				"type":"TIMESTAMP"
			}, {
				"name": "Deleted",
				"type":"BOOLEAN"
			}, {
				"name": "Deleted_CMDT",
				"type":"BOOLEAN"
			}, {
				"name": "MRN_POC_CLOSURE_DTTM",
				"type":"TIMESTAMP"
			}, {
				"name": "MRN_POC_CLOSURE_INT_USER_NM",
				"type":"STRING"
			}, {
				"name": "MRN_STVDR_CLOSURE_DTTM",
				"type":"TIMESTAMP"
			}, {
				"name": "Dsch_Port_Name",
				"type":"STRING"
			}, {
				"name": "Ld_Port_Name",
				"type":"STRING"
			}, {
				"name": "arr_draft_fore",
				"type":"float"
			}, {
				"name": "arr_draft_aft",
				"type":"float"
			}, {
				"name": "dep_draft_fore",
				"type":"float"
			}, {
				"name": "dep_draft_aft",
				"type":"float"
			}, {
				"name": "SouceName",
				"type":"STRING"
			}],
			"Inc_Col": "TimeStamp"

		}
	]
}
