{ 

  "JOBID":
  [
     {	  
        "TableName": "tblVesselInfoOracle", 
        "ColumnsList":["PortID","VIA_NO","INT_VIA_NO","BASE_STS","INT_OPRN_NO","VSL_NM","BERTH_NO","CALL_NO","OPRN_START_DTTM","OPRN_END_DTTM","MAXOPRN_END_DTTM","MINOPRN_START_DTTM","BENCH_MARK","WORKING","ATB_DTTM","LAST_LINE_IN_DTTM","FIRST_LINE_OUT_DTTM","ATUB_DTTM","BU_CD","BU_DESCR","CMDT_CD","COMMODITY","CMDT_TYPE_CD","CMDT_TYPE_DESCR","ADT_UPD_DTTM","ETA_DTTM","ATA_DTTM","UNBERTH_REASON_CD","DUMMY_VOY_FLG","BENCHMARK_MT_HOOK_DAY","BENCHMARK_PCS_HOOK_DAY","BENCHMARK_CBM","CLIENT","ONBOARD_HANDLING_AGENT","BACKUP_HANDLING_AGENT","PARCEL_NO","TENTATIVE_CBM","MAX_ATUB_DTTM","INS_UPD_DTTM","ETLID","crg_type","SOF_OPRN_START","SOF_OPRN_END","TimeStamp","Deleted","SouceName"], 
        "Schema":[{"name":"PortID","type":"FLOAT"},{"name":"VIA_NO","type":"STRING"},{"name":"INT_VIA_NO","type":"FLOAT"},{"name":"BASE_STS","type":"STRING"},{"name":"INT_OPRN_NO","type":"FLOAT"},{"name":"VSL_NM","type":"STRING"},{"name":"BERTH_NO","type":"STRING"},{"name":"CALL_NO","type":"FLOAT"},{"name":"OPRN_START_DTTM","type":"TIMESTAMP"},{"name":"OPRN_END_DTTM","type":"TIMESTAMP"},{"name":"MAXOPRN_END_DTTM","type":"TIMESTAMP"},{"name":"MINOPRN_START_DTTM","type":"TIMESTAMP"},{"name":"BENCH_MARK","type":"FLOAT"},{"name":"WORKING","type":"FLOAT"},{"name":"ATB_DTTM","type":"TIMESTAMP"},{"name":"LAST_LINE_IN_DTTM","type":"TIMESTAMP"},{"name":"FIRST_LINE_OUT_DTTM","type":"TIMESTAMP"},{"name":"ATUB_DTTM","type":"TIMESTAMP"},{"name":"BU_CD","type":"STRING"},{"name":"BU_DESCR","type":"STRING"},{"name":"CMDT_CD","type":"STRING"},{"name":"COMMODITY","type":"STRING"},{"name":"CMDT_TYPE_CD","type":"STRING"},{"name":"CMDT_TYPE_DESCR","type":"STRING"},{"name":"ADT_UPD_DTTM","type":"TIMESTAMP"},{"name":"ETA_DTTM","type":"TIMESTAMP"},{"name":"ATA_DTTM","type":"TIMESTAMP"},{"name":"UNBERTH_REASON_CD","type":"STRING"},{"name":"DUMMY_VOY_FLG","type":"STRING"},{"name":"BENCHMARK_MT_HOOK_DAY","type":"FLOAT"},{"name":"BENCHMARK_PCS_HOOK_DAY","type":"FLOAT"},{"name":"BENCHMARK_CBM","type":"FLOAT"},{"name":"CLIENT","type":"STRING"},{"name":"ONBOARD_HANDLING_AGENT","type":"STRING"},{"name":"BACKUP_HANDLING_AGENT","type":"STRING"},{"name":"PARCEL_NO","type":"STRING"},{"name":"TENTATIVE_CBM","type":"FLOAT"},{"name":"MAX_ATUB_DTTM","type":"TIMESTAMP"},{"name":"INS_UPD_DTTM","type":"TIMESTAMP"},{"name":"ETLID","type":"FLOAT"},{"name":"crg_type","type":"STRING"},{"name":"SOF_OPRN_START","type":"TIMESTAMP"},{"name":"SOF_OPRN_END","type":"TIMESTAMP"},{"name":"TimeStamp","type":"TIMESTAMP"},{"name":"Deleted","type":"Boolean"},{"name":"SouceName","type":"STRING"}],
        "Inc_Col":"TimeStamp",
        "BQ_Table":"Test_Dev.tblVesselInfoOracle"
     }
     ,
     {
        "TableName":"tblVesselDetailsOracle",
	"ColumnsList":["ETLID","PortID","INT_OPRN_NO","INT_VIA_NO","OPRN_DTTM","TONNAGE_HNDLD","PKG_HNDLD","AVG_RATE","SHORE_CRANE_CNT","VOY_CRN_CNT","CRANE_CNT","CMDT_CD","OPRN_START_DTTM","OPRN_END_DTTM","BAL_TONNAGE","NET_TANK_RCPT_QTY","TARGET_QTY","ROB","BNKR_RQST_NO","INDT_NO","MVMT_TYPE","MVMT_BNKR_DLVY_MODE","INT_IGM_CRG_SEQ_NO","INT_EA_CRG_SEQ_NO","PORT_CD","BU_CD","COMMODITY","COMMODITY_TYPE","COMMODITY_TYPE_CODE","INT_SO_NO","INT_SUB_DO_NO","INT_GP_NO","FM_STRG_CD","TimeStamp","Deleted","SouceName"],
	"Schema":[{"name":"ETLID","type":"FLOAT"},{"name":"PortID","type":"FLOAT"},{"name":"INT_OPRN_NO","type":"FLOAT"},{"name":"INT_VIA_NO","type":"FLOAT"},{"name":"OPRN_DTTM","type":"TIMESTAMP"},{"name":"TONNAGE_HNDLD","type":"FLOAT"},{"name":"PKG_HNDLD","type":"FLOAT"},{"name":"AVG_RATE","type":"FLOAT"},{"name":"SHORE_CRANE_CNT","type":"FLOAT"},{"name":"VOY_CRN_CNT","type":"FLOAT"},{"name":"CRANE_CNT","type":"FLOAT"},{"name":"CMDT_CD","type":"STRING"},{"name":"OPRN_START_DTTM","type":"TIMESTAMP"},{"name":"OPRN_END_DTTM","type":"TIMESTAMP"},{"name":"BAL_TONNAGE","type":"FLOAT"},{"name":"NET_TANK_RCPT_QTY","type":"FLOAT"},{"name":"TARGET_QTY","type":"FLOAT"},{"name":"ROB","type":"FLOAT"},{"name":"BNKR_RQST_NO","type":"STRING"},{"name":"INDT_NO","type":"STRING"},{"name":"MVMT_TYPE","type":"STRING"},{"name":"MVMT_BNKR_DLVY_MODE","type":"STRING"},{"name":"INT_IGM_CRG_SEQ_NO","type":"FLOAT"},{"name":"INT_EA_CRG_SEQ_NO","type":"FLOAT"},{"name":"PORT_CD","type":"STRING"},{"name":"BU_CD","type":"STRING"},{"name":"COMMODITY","type":"STRING"},{"name":"COMMODITY_TYPE","type":"STRING"},{"name":"COMMODITY_TYPE_CODE","type":"STRING"},{"name":"INT_SO_NO","type":"FLOAT"},{"name":"INT_SUB_DO_NO","type":"FLOAT"},{"name":"INT_GP_NO","type":"FLOAT"},{"name":"FM_STRG_CD","type":"STRING"},{"name":"TimeStamp","type":"TIMESTAMP"},{"name":"Deleted","type":"BOOLEAN"},{"name":"SouceName","type":"STRING"}],
        "Inc_Col":"TimeStamp",
 	"BQ_Table":"Test_Dev.tblVesselDetailsOracle"
	
     }

  ]

} 
