{
"gatepass_details_da": {
"TableName": "tos_usr.gatepass_details_da",
"ColumnsList": ["AUDIT_UPDATE_DATE", "PK_GATEPASS_DETAILS_E", "IO_INDICATOR", "CONTAINER_REMARK", "CNTAINER_NONCNTAINER_INDICATOR", "PORT_LOCATION_CODE", "PORT_LOCATION", "AUDIT_INSERT_DATE", "GATEPASS_PACKAGE_TYPE_CODE", "GATEPASS_PACKAGE_TYPE_NME", "GATEPASS_DETAILS_DOC_REF_NO", "CARGO_ORIGIN_DESTINATION_CODE", "CARGO_ORIGIN_DESTINATION_NAME", "SUPPLIER_PARTY_CODE", "SUPPLIER_PARTY_NAME", "GP_DETAIL_ARCHIVAL_INDICATOR", "REFERENCE_LOAD_ORDER_LINE", "INSTRUCTION_REMARK", "LOAD_ORDER_NUMBER", "GATEPASS_DETAIL_RECORD_SEQ_NO", "GP_DETAIL_MANIFIEST_NO_OF_PKGS", "GP_DETAIL_MANIFIEST_WEIGHT", "GP_DETAIL_RECIRD_INSERT_DATE", "GP_DETAIL_RECIRD_UPDATE_DATE", "CHALLAN_NO_OF_PACKAGES", "CHALLAN_TOTAL_WEIGHT", "GATEPASS_MATERIAL_DETAILS_ID", "BUNKER_REQUEST_NUMBER", "SLUDGE_REQUEST_NUMBER", "SLUDGE_VESSEL_NUMBER", "SLUDGE_VESSEL_NAME", "SLUDGE_PARTY_CODE", "SLUDGE_PARTY_NAME", "STEEL_PIPE_LENGTH", "TANK_INDENT_HEADER_ID", "LIQUID_INDENT_NUMBER", "CONTAINER_NUMBER", "CONTAINER_TYPE", "CONTAINER_FULL_EMPTY_INDICATOR", "ITEM_CODE", "ITEM_DESCRIPTION", "GATEPASS_HEADER_ID", "INTERNAL_PORT_NO", "BASE_STATUS", "PRE_GATEPASS_GENERATION_DATE", "GATEPASS_INDICATOR", "GATEPASSS_NUMBER", "TRANSPORT_MODE", "TRUCK_REGISTRATION_NUMBER", "DRIVER_LICENCE_NUMBER", "TRANSPORTER_CODE", "TRANSPORTER_NAME", "IS_GATEPASS_CANCELLED", "PORT_ENTRY_DATE_TIME", "CARGO_OPERATION_START_DATE", "CARGO_OPERATION_END_DATE", "GATEPASS_EXIT_DATE_TIME", "IS_CARGO_DIRECT_DELIVERED", "IN_GATE_NAME", "OUT_GATE_NAME", "TRAIN_NUMBER", "GATEPASS_HEADER_REMARK", "VEHICLE_CONTRACTOR_CODE", "VEHICLE_CONTRACTOR_NAME", "EXPORT_LORRY_RECEIPT_NUMBER", "GATEPASS_PRINT_COUNT", "DELIVERY_REMARKS", "GP_HEADER_ARCHIVAL_INDICATOR", "SELF_DRIVE_FLAG", "TRUCK_TRIP_REFERENCE_NUMBER", "TRUCK_DRIVER_NAME", "MAX_ALLOWED_WEIGHT_IN_TRUCK", "GP_HEADER_RECORD_INSERT_DATE", "GP_HEADER_RECORD_UPDATE_DATE", "WAREHOUSE_LOCATION", "IS_ENTRY_CANCELLED", "GATEPASS_TYPE", "BACKORDER_FLAG", "GATE_IN_MARKED_BY_USER", "GATEPASS_GENERATED_BY_USER", "GATE_OUT_MARKED_BY_USER", "GATEPASS_CANCEL_BY_USER", "GATE_IN_MARKED_BY_USER_NM", "GATEPASS_GENERATED_BY_USER_NM", "GATE_OUT_MARKED_BY_USER_NM", "GATEPASS_CANCEL_BY_USER_NM", "ACCESS_CODE", "TOLL_AMOUNT", "TRUCK_RFID_NUMBER", "TENTATIVE_COMMODITY_CODE", "TENTATIVE_COMMODITY", "PRE_GATE_NAME", "TRUCK_HELPER_NAME", "DAHEJ_PORT_EXIT_DATE_TIME", "SLUDGE_RELEASE_DATE_TIME", "SEZ_ENTRY_DATE_TIME", "SEZ_EXIT_DATE_TIME", "MOBILE_ISSUED_FLAG", "MOBILE_RETURNED_FLAG", "SPECIAL_EQUIPMENT_FLAG", "BUNKER_FLAG", "BUNKER_MULTI_DELIVERY_FLAG", "INTERFACE_REMARKS", "GATEPASS_CANCEL_DATE_TIME", "DELIVERY_CHALLAN_NUMBER", "GATEPASS_DETAIL_ID", "BL_ORDER_NUMBER", "MAIN_IMPORTER_EXPORTER_CODE", "MAIN_IMPORTER_EXPORTER_NAME", "SUB_IMPORTER_EXPORTER_CODE", "SUB_IMPORTER_EXPORTER_NAME", "MANIFIESTED_COMMODITY_CODE", "MANIFIESTED_COMMODITY_NAME", "CARGO_REFERENCE_LINE_NUMBER", "MANIFIESTED_PACKAGE_TYPE_CODE", "MANIFIESTED_PACKAGE_TYPE_NAME", "LOAD_ORDER_SEQUENCE_NUMBER", "LINE_REQEUST_NO_OF_PACKAGE", "LINE_REQEUST_WEIGHT", "LINE_CONFIRM_NO_OF_PACKAGES", "LINE_CONFIRM_WEIGHT", "CONTRACTOR_EQUIPMENT_NUMBER"],		
"Schema": [{"name":"AUDIT_UPDATE_DATE","type":"TIMESTAMP"},
{"name":"PK_GATEPASS_DETAILS_E","type":"STRING"},
{"name":"IO_INDICATOR","type":"STRING"},
{"name":"CONTAINER_REMARK","type":"STRING"},
{"name":"CNTAINER_NONCNTAINER_INDICATOR","type":"STRING"},
{"name":"PORT_LOCATION_CODE","type":"STRING"},
{"name":"PORT_LOCATION","type":"STRING"},
{"name":"AUDIT_INSERT_DATE","type":"TIMESTAMP"},
{"name":"GATEPASS_PACKAGE_TYPE_CODE","type":"STRING"},
{"name":"GATEPASS_PACKAGE_TYPE_NME","type":"STRING"},
{"name":"GATEPASS_DETAILS_DOC_REF_NO","type":"STRING"},
{"name":"CARGO_ORIGIN_DESTINATION_CODE","type":"STRING"},
{"name":"CARGO_ORIGIN_DESTINATION_NAME","type":"STRING"},
{"name":"SUPPLIER_PARTY_CODE","type":"STRING"},
{"name":"SUPPLIER_PARTY_NAME","type":"STRING"},
{"name":"GP_DETAIL_ARCHIVAL_INDICATOR","type":"STRING"},
{"name":"REFERENCE_LOAD_ORDER_LINE","type":"STRING"},
{"name":"INSTRUCTION_REMARK","type":"STRING"},
{"name":"LOAD_ORDER_NUMBER","type":"STRING"},
{"name":"GATEPASS_DETAIL_RECORD_SEQ_NO","type":"BIGNUMERIC"},
{"name":"GP_DETAIL_MANIFIEST_NO_OF_PKGS","type":"BIGNUMERIC"},
{"name":"GP_DETAIL_MANIFIEST_WEIGHT","type":"FLOAT64"},
{"name":"GP_DETAIL_RECIRD_INSERT_DATE","type":"TIMESTAMP"},
{"name":"GP_DETAIL_RECIRD_UPDATE_DATE","type":"TIMESTAMP"},
{"name":"CHALLAN_NO_OF_PACKAGES","type":"BIGNUMERIC"},
{"name":"CHALLAN_TOTAL_WEIGHT","type":"FLOAT64"},
{"name":"GATEPASS_MATERIAL_DETAILS_ID","type":"BIGNUMERIC"},
{"name":"BUNKER_REQUEST_NUMBER","type":"STRING"},
{"name":"SLUDGE_REQUEST_NUMBER","type":"STRING"},
{"name":"SLUDGE_VESSEL_NUMBER","type":"STRING"},
{"name":"SLUDGE_VESSEL_NAME","type":"STRING"},
{"name":"SLUDGE_PARTY_CODE","type":"STRING"},
{"name":"SLUDGE_PARTY_NAME","type":"STRING"},
{"name":"STEEL_PIPE_LENGTH","type":"FLOAT64"},
{"name":"TANK_INDENT_HEADER_ID","type":"BIGNUMERIC"},
{"name":"LIQUID_INDENT_NUMBER","type":"STRING"},
{"name":"CONTAINER_NUMBER","type":"STRING"},
{"name":"CONTAINER_TYPE","type":"STRING"},
{"name":"CONTAINER_FULL_EMPTY_INDICATOR","type":"STRING"},
{"name":"ITEM_CODE","type":"STRING"},
{"name":"ITEM_DESCRIPTION","type":"STRING"},
{"name":"GATEPASS_HEADER_ID","type":"BIGNUMERIC"},
{"name":"INTERNAL_PORT_NO","type":"BIGNUMERIC"},
{"name":"BASE_STATUS","type":"STRING"},
{"name":"PRE_GATEPASS_GENERATION_DATE","type":"TIMESTAMP"},
{"name":"GATEPASS_INDICATOR","type":"STRING"},
{"name":"GATEPASSS_NUMBER","type":"STRING"},
{"name":"TRANSPORT_MODE","type":"STRING"},
{"name":"TRUCK_REGISTRATION_NUMBER","type":"STRING"},
{"name":"DRIVER_LICENCE_NUMBER","type":"STRING"},
{"name":"TRANSPORTER_CODE","type":"STRING"},
{"name":"TRANSPORTER_NAME","type":"STRING"},
{"name":"IS_GATEPASS_CANCELLED","type":"STRING"},
{"name":"PORT_ENTRY_DATE_TIME","type":"TIMESTAMP"},
{"name":"CARGO_OPERATION_START_DATE","type":"TIMESTAMP"},
{"name":"CARGO_OPERATION_END_DATE","type":"TIMESTAMP"},
{"name":"GATEPASS_EXIT_DATE_TIME","type":"TIMESTAMP"},
{"name":"IS_CARGO_DIRECT_DELIVERED","type":"STRING"},
{"name":"IN_GATE_NAME","type":"STRING"},
{"name":"OUT_GATE_NAME","type":"STRING"},
{"name":"TRAIN_NUMBER","type":"STRING"},
{"name":"GATEPASS_HEADER_REMARK","type":"STRING"},
{"name":"VEHICLE_CONTRACTOR_CODE","type":"STRING"},
{"name":"VEHICLE_CONTRACTOR_NAME","type":"STRING"},
{"name":"EXPORT_LORRY_RECEIPT_NUMBER","type":"STRING"},
{"name":"GATEPASS_PRINT_COUNT","type":"INTEGER"},
{"name":"DELIVERY_REMARKS","type":"STRING"},
{"name":"GP_HEADER_ARCHIVAL_INDICATOR","type":"STRING"},
{"name":"SELF_DRIVE_FLAG","type":"STRING"},
{"name":"TRUCK_TRIP_REFERENCE_NUMBER","type":"STRING"},
{"name":"TRUCK_DRIVER_NAME","type":"STRING"},
{"name":"MAX_ALLOWED_WEIGHT_IN_TRUCK","type":"FLOAT64"},
{"name":"GP_HEADER_RECORD_INSERT_DATE","type":"TIMESTAMP"},
{"name":"GP_HEADER_RECORD_UPDATE_DATE","type":"TIMESTAMP"},
{"name":"WAREHOUSE_LOCATION","type":"STRING"},
{"name":"IS_ENTRY_CANCELLED","type":"STRING"},
{"name":"GATEPASS_TYPE","type":"STRING"},
{"name":"BACKORDER_FLAG","type":"STRING"},
{"name":"GATE_IN_MARKED_BY_USER","type":"STRING"},
{"name":"GATEPASS_GENERATED_BY_USER","type":"STRING"},
{"name":"GATE_OUT_MARKED_BY_USER","type":"STRING"},
{"name":"GATEPASS_CANCEL_BY_USER","type":"STRING"},
{"name":"GATE_IN_MARKED_BY_USER_NM","type":"STRING"},
{"name":"GATEPASS_GENERATED_BY_USER_NM","type":"STRING"},
{"name":"GATE_OUT_MARKED_BY_USER_NM","type":"STRING"},
{"name":"GATEPASS_CANCEL_BY_USER_NM","type":"STRING"},
{"name":"ACCESS_CODE","type":"STRING"},
{"name":"TOLL_AMOUNT","type":"INTEGER"},
{"name":"TRUCK_RFID_NUMBER","type":"STRING"},
{"name":"TENTATIVE_COMMODITY_CODE","type":"STRING"},
{"name":"TENTATIVE_COMMODITY","type":"STRING"},
{"name":"PRE_GATE_NAME","type":"STRING"},
{"name":"TRUCK_HELPER_NAME","type":"STRING"},
{"name":"DAHEJ_PORT_EXIT_DATE_TIME","type":"TIMESTAMP"},
{"name":"SLUDGE_RELEASE_DATE_TIME","type":"TIMESTAMP"},
{"name":"SEZ_ENTRY_DATE_TIME","type":"TIMESTAMP"},
{"name":"SEZ_EXIT_DATE_TIME","type":"TIMESTAMP"},
{"name":"MOBILE_ISSUED_FLAG","type":"STRING"},
{"name":"MOBILE_RETURNED_FLAG","type":"STRING"},
{"name":"SPECIAL_EQUIPMENT_FLAG","type":"STRING"},
{"name":"BUNKER_FLAG","type":"STRING"},
{"name":"BUNKER_MULTI_DELIVERY_FLAG","type":"STRING"},
{"name":"INTERFACE_REMARKS","type":"STRING"},
{"name":"GATEPASS_CANCEL_DATE_TIME","type":"TIMESTAMP"},
{"name":"DELIVERY_CHALLAN_NUMBER","type":"STRING"},
{"name":"GATEPASS_DETAIL_ID","type":"BIGNUMERIC"},
{"name":"BL_ORDER_NUMBER","type":"STRING"},
{"name":"MAIN_IMPORTER_EXPORTER_CODE","type":"STRING"},
{"name":"MAIN_IMPORTER_EXPORTER_NAME","type":"STRING"},
{"name":"SUB_IMPORTER_EXPORTER_CODE","type":"STRING"},
{"name":"SUB_IMPORTER_EXPORTER_NAME","type":"STRING"},
{"name":"MANIFIESTED_COMMODITY_CODE","type":"STRING"},
{"name":"MANIFIESTED_COMMODITY_NAME","type":"STRING"},
{"name":"CARGO_REFERENCE_LINE_NUMBER","type":"BIGNUMERIC"},
{"name":"MANIFIESTED_PACKAGE_TYPE_CODE","type":"STRING"},
{"name":"MANIFIESTED_PACKAGE_TYPE_NAME","type":"STRING"},
{"name":"LOAD_ORDER_SEQUENCE_NUMBER","type":"BIGNUMERIC"},
{"name":"LINE_REQEUST_NO_OF_PACKAGE","type":"BIGNUMERIC"},
{"name":"LINE_REQEUST_WEIGHT","type":"FLOAT64"},
{"name":"LINE_CONFIRM_NO_OF_PACKAGES","type":"BIGNUMERIC"},
{"name":"LINE_CONFIRM_WEIGHT","type":"FLOAT64"},
{"name":"CONTRACTOR_EQUIPMENT_NUMBER","type":"STRING"}],
"Inc_Col": ["PRE_GATEPASS_GENERATION_DATE"],
"NDays":"30",
"loadstrategy":"Y",
"HistYear":"2022",
"BQ_Table": "Test_Dev.layer1_apms_gatepass_details_da"	
}
}
