[
    {
        "date": "2024-05-30 00:03:29+00",
        "customer_name": "ADANI GREEN ENERGY LTD",
        "customer_code": "8000001010",
        "order_no": "L/KH/DMOTR/001450",
        "delivery_mode": "Others",
        "container_number": null,
        "container_size": null,
        "from_terminal": "Khavda Bhuj",
        "to_terminal": null,
        "eway_bill_file": null,
        "line": null,
        "consignee": "ADANI GREEN ENERGY LTD",
        "consignee_address": "30 GW KHAVDA RE PARK, Near Karim Shahi,Kutch 370510 GUJARAT IN",
        "consignor": "JASH ENERGY PRIVATE LIMITED",
        "consignor_address": "Survey No.180/P of Village Tunda,Adani Port and SEZ Mundra Kachchh Gujarat,Mundra,GUJARAT-370421",
        "importer": null,
        "contact_no": null,
        "empty_drop_loc": null,
        "transport_by": null,
        "trailer_required_date": null,
        "factory_address": null,
        "factory": null,
        "bill_to": null,
        "bu_id": "1",
        "boe_no": null,
        "ccrp_no": null,
        "ccrp_date": null,
        "factory_ref_code": null
    }
]